{"cameraMode":{"drawMode":0,"name":"Shaded","section":"Shading Mode"},"sceneLighting":true,"audioPlay":false,"sceneViewState":{"showFog":true,"showMaterialUpdate":false,"showSkybox":true,"showFlares":true,"showImageEffects":true,"showParticleSystems":true},"in2DMode":false,"pivot":{"x":0.06309890747070313,"y":-4.750800609588623,"z":-2.3323450088500978},"rotation":{"x":-0.1278911679983139,"y":0.8656907081604004,"z":-0.2809472978115082,"w":-0.3940944969654083},"size":16.51775550842285,"orthographic":false}