{"cameraMode":{"drawMode":0,"name":"Shaded","section":"Shading Mode"},"sceneLighting":true,"audioPlay":false,"sceneViewState":{"showFog":true,"showMaterialUpdate":false,"showSkybox":true,"showFlares":true,"showImageEffects":true,"showParticleSystems":true},"in2DMode":false,"pivot":{"x":-2.4837989807128908,"y":-2.291031837463379,"z":-2.1248669624328615},"rotation":{"x":-0.1278911679983139,"y":0.8656907081604004,"z":-0.2809472978115082,"w":-0.3940944969654083},"size":14.973272323608399,"orthographic":false}